,Model,Mean absolute error,R2
0,R1 regularized logistic regression,0.04245980044445541,0.5010260543277174
0,Random forest,0.03316110696949263,0.6739081172107755
0,XGBoost Regression,0.03251738274909032,0.6986654392438041
0,NN-based regression,0.03729184888487918,0.568856232152781
